9bb146,127.0.0.1,GET,http://localhost/laloupe-0916-psychomot/web/app_dev.php/psychomot/,1477552516,,200
dba8aa,127.0.0.1,POST,http://localhost/laloupe-0916-psychomot/web/app_dev.php/psychomot/,1477552572,,200
639137,127.0.0.1,GET,http://localhost/laloupe-0916-psychomot/web/app_dev.php/psychomot/,1477553073,,200
28b30f,127.0.0.1,GET,http://localhost/laloupe-0916-psychomot/web/app_dev.php/login,1477554810,,200
c0ec15,127.0.0.1,GET,http://localhost/laloupe-0916-psychomot/web/app_dev.php/login,1477556110,,200
77f127,127.0.0.1,GET,http://localhost/laloupe-0916-psychomot/web/app_dev.php/login,1477556119,,200
e090b8,127.0.0.1,GET,http://localhost/laloupe-0916-psychomot/web/app_dev.php/login,1477556121,,200
91edc7,127.0.0.1,POST,http://localhost/laloupe-0916-psychomot/web/app_dev.php/login_check,1477556148,,302
5a1750,127.0.0.1,GET,http://localhost/laloupe-0916-psychomot/web/app_dev.php/login,1477556149,,200
d025aa,127.0.0.1,POST,http://localhost/laloupe-0916-psychomot/web/app_dev.php/login_check,1477556159,,302
1ec01c,127.0.0.1,GET,http://localhost/laloupe-0916-psychomot/web/app_dev.php/psychomot/1/edit,1477556161,,200
423866,127.0.0.1,GET,http://localhost/laloupe-0916-psychomot/web/app_dev.php/login,1477556195,,200
46feeb,127.0.0.1,GET,http://localhost/laloupe-0916-psychomot/web/app_dev.php/login,1477556329,,200
